year,rank,song,artist,gender
2006,100,For You I Will (Confidence),Teddy Geiger,nb
2006,66,Smack That,Akon Featuring Eminem,man
2006,82,Hate Me,Blue October,man
2006,71,Who Says You Can't Go Home,Bon Jovi,man
2006,36,Ms. New Booty,Bubba Sparxxx Featuring Ying Yang Twins & Mr. ColliPark,man
2006,73,Touch It,Busta Rhymes,man
2006,8,Ridin',Chamillionaire Featuring Krayzie Bone,man
2006,63,Pullin' Me Back,Chingy Featuring Tyrese,man
2006,16,Run It!,Chris Brown,man
2006,44,Yo (Excuse Me Miss),Chris Brown,man
2006,86,Say Goodbye,Chris Brown,man
2006,69,Gimme That,Chris Brown Featuring Lil Wayne,man
2006,46,Laffy Taffy,D4L,man
2006,74,Rompe,Daddy Yankee,man
2006,1,Bad Day,Daniel Powter,man
2006,25,"Lean Wit It, Rock Wit It",Dem Franchize Boyz Featuring Lil Peanut & Charlay,man
2006,90,When I'm Gone,Eminem,man
2006,62,Shake That,Eminem Featuring Nate Dogg,man
2006,33,"Dance, Dance",Fall Out Boy,man
2006,68,"Sugar, We're Goin' Down",Fall Out Boy,man
2006,7,Crazy,Gnarls Barkley,man
2006,30,Lips Of An Angel,Hinder,man
2006,4,You're Beautiful,James Blunt,man
2006,60,Unpredictable,Jamie Foxx Featuring Ludacris,man
2006,65,Chain Hang Low,Jibbs,man
2006,87,Waiting On The World To Change,John Mayer,man
2006,58,There It Go! (The Whistle Song),Juelz Santana,man
2006,9,SexyBack,Justin Timberlake,man
2006,61,My Love,Justin Timberlake Featuring T.I.,man
2006,34,Gold Digger,Kanye West Featuring Jamie Foxx,man
2006,83,You And Me,Lifehouse,man
2006,24,Snap Yo Fingers,Lil Jon Featuring E-40 & Sean Paul Of The YoungBloodZ,man
2006,35,Money Maker,Ludacris Featuring Pharrell,man
2006,17,So Sick,Ne-Yo,man
2006,51,Sexy Love,Ne-Yo,man
2006,94,When You're Mad,Ne-Yo,man
2006,12,Grillz,"Nelly Featuring Paul Wall, Ali & Gipp",man
2006,54,What's Left Of Me,Nick Lachey,man
2006,38,Photograph,Nickelback,man
2006,49,Savin' Me,Nickelback,man
2006,53,Far Away,Nickelback,man
2006,20,I Write Sins Not Tragedies,Panic! At The Disco,man
2006,26,What Hurts The Most,Rascal Flatts,man
2006,76,Life Is A Highway,Rascal Flatts,man
2006,67,One Wish,Ray J,man
2006,23,Dani California,Red Hot Chili Peppers,man
2006,2,Temperature,Sean Paul,man
2006,81,We Be Burnin',Sean Paul,man
2006,29,Chasing Cars,Snow Patrol,man
2006,98,I'm Sprung,T-Pain,man
2006,41,I'm N Luv (Wit A Stripper),T-Pain Featuring Mike Jones,man
2006,47,What You Know,T.I.,man
2006,95,Why You Wanna,T.I.,man
2006,99,Do I Make You Proud,Taylor Hicks,man
2006,21,Move Along,The All-American Rejects,man
2006,48,Dirty Little Secret,The All-American Rejects,man
2006,13,Over My Head (Cable Car),The Fray,man
2006,27,How To Save A Life,The Fray,man
2006,92,Stay Fly,Three 6 Mafia Featuring Young Buck & Eightball & MJG,man
2006,59,Shoulder Lean,Young Dro Featuring T.I.,man
2006,88,Soul Survivor,Young Jeezy Featuring Akon,man
2006,18,It's Goin' Down,Yung Joc,man
2006,75,Deja Vu,Beyonce Featuring Jay Z,mixed
2006,10,Check On It,Beyonce Featuring Slim Thug,mixed
2006,31,Everytime We Touch,Cascada,mixed
2006,56,Do It To It,Cherish Featuring Sean Paul Of The YoungBloodZ,mixed
2006,80,Get Up,Ciara Featuring Chamillionaire,mixed
2006,85,I Think They Like Me,"Dem Franchize Boyz Featuring Jermaine Dupri, Da Brat & Bow Wow",mixed
2006,52,U And Dat,E-40 Featuring T-Pain & Kandi Girl,mixed
2006,77,Call Me When You're Sober,Evanescence,mixed
2006,55,So What,Field Mob Featuring Ciara,mixed
2006,43,Where'd You Go,Fort Minor Featuring Holly Brook,mixed
2006,97,Feel Good Inc,Gorillaz,mixed
2006,64,Bossy,Kelis Featuring Too $hort,mixed
2006,3,Promiscuous,Nelly Furtado Featuring Timbaland,mixed
2006,37,(When You Gonna) Give It Up To Me,Sean Paul Featuring Keyshia Cole,mixed
2006,5,Hips Don't Lie,Shakira Featuring Wyclef Jean,mixed
2006,42,My Humps,The Black Eyed Peas,mixed
2006,89,Pump It,The Black Eyed Peas,mixed
2006,15,Buttons,The Pussycat Dolls Featuring Snoop Dogg,mixed
2006,84,Beep,The Pussycat Dolls Featuring will.i.am,mixed
2006,70,I Know You See It,Yung Joc Featuring Brandy 'Ms. B.' Hambrick,mixed
2006,78,"Jesus, Take The Wheel",Carrie Underwood,woman
2006,14,Me & U,Cassie,woman
2006,32,Ain't No Other Man,Christina Aguilera,woman
2006,79,Show Stopper,Danity Kane,woman
2006,22,London Bridge,Fergie,woman
2006,72,Too Little Too Late,JoJo,woman
2006,39,Because Of You,Kelly Clarkson,woman
2006,45,Walk Away,Kelly Clarkson,woman
2006,93,Love,Keyshia Cole,woman
2006,57,Black Horse & The Cherry Tree,KT Tunstall,woman
2006,91,Hung Up,Madonna,woman
2006,50,Don't Forget About Us,Mariah Carey,woman
2006,11,Be Without You,Mary J. Blige,woman
2006,6,Unwritten,Natasha Bedingfield,woman
2006,96,Stupid Girls,P!nk,woman
2006,19,SOS,Rihanna,woman
2006,28,Unfaithful,Rihanna,woman
2006,40,Stickwitu,The Pussycat Dolls,woman
2007,87,Ayo Technology,50 Cent Featuring Justin Timberlake & Timbaland,man
2007,15,Smack That,Akon Featuring Eminem,man
2007,8,I Wanna Love You,Akon Featuring Snoop Dogg,man
2007,84,Cyclone,Baby Bash Featuring T-Pain,man
2007,53,The Way I Live,Baby Boy Da Prince Featuring Lil Boosie,man
2007,58,I Tried,Bone Thugs-N-Harmony Featuring Akon,man
2007,54,Shortie Like Mine,Bow Wow Featuring Chris Brown & Johnta Austin,man
2007,88,Outta My System,Bow Wow Featuring T-Pain & Johnta Austin,man
2007,77,The Great Escape,Boys Like Girls,man
2007,93,Kiss Kiss,Chris Brown Featuring T-Pain,man
2007,17,It's Not Over,Daughtry,man
2007,25,Home,Daughtry,man
2007,41,Wait For You,Elliott Yamin,man
2007,44,Make Me Better,Fabolous Featuring Ne-Yo,man
2007,32,"This Ain't A Scene, It's An Arms Race",Fall Out Boy,man
2007,37,Thnks Fr Th Mmrs,Fall Out Boy,man
2007,43,Make It Rain,Fat Joe Featuring Lil Wayne,man
2007,98,Paralyzer,Finger Eleven,man
2007,23,Cupid's Chokehold/Breakfast In America,Gym Class Heroes Featuring Patrick Stump,man
2007,81,Here (In Your Arms),Hellogoodbye,man
2007,46,Lips Of An Angel,Hinder,man
2007,97,Better Than Me,Hinder,man
2007,34,"Pop, Lock & Drop It",Huey,man
2007,56,A Bay Bay,Hurricane Chris,man
2007,72,Bed,J. Holiday,man
2007,28,We Fly High,Jim Jones,man
2007,47,Waiting On The World To Change,John Mayer,man
2007,22,What Goes Around...Comes Around,Justin Timberlake,man
2007,39,Summer Love,Justin Timberlake,man
2007,63,SexyBack,Justin Timberlake,man
2007,96,LoveStoned,Justin Timberlake,man
2007,26,My Love,Justin Timberlake Featuring T.I.,man
2007,27,Stronger,Kanye West,man
2007,86,First Time,Lifehouse,man
2007,38,What I've Done,Linkin Park,man
2007,51,Get It Shawty,Lloyd,man
2007,40,You,Lloyd Featuring Lil Wayne,man
2007,92,Money Maker,Ludacris Featuring Pharrell,man
2007,13,Makes Me Wonder,Maroon 5,man
2007,16,This Is Why I'm Hot,Mims,man
2007,59,Welcome To The Black Parade,My Chemical Romance,man
2007,57,Because Of You,Ne-Yo,man
2007,36,Rockstar,Nickelback,man
2007,50,If Everyone Cared,Nickelback,man
2007,94,Far Away,Nickelback,man
2007,45,Ice Box,Omarion,man
2007,7,Hey There Delilah,Plain White T's,man
2007,60,Shawty,Plies Featuring T-Pain,man
2007,82,On The Hotline,Pretty Ricky,man
2007,100,Same Girl,R. Kelly Duet With Usher,man
2007,49,I'm A Flirt,R. Kelly Or Bow Wow (Featuring T.I. & T-Pain),man
2007,91,Snow ((Hey Oh)),Red Hot Chili Peppers,man
2007,73,Throw Some D's,Rich Boy Featuring Polow Da Don,man
2007,48,Lost Without U,Robin Thicke,man
2007,31,Beautiful Girls,Sean Kingston,man
2007,14,Party Like A Rockstar,Shop Boyz,man
2007,99,That's That,Snoop Dogg Featuring R. Kelly,man
2007,61,Chasing Cars,Snow Patrol,man
2007,20,Crank That (Soulja Boy),Soulja Boy Tell'em,man
2007,33,Bartender,T-Pain Featuring Akon,man
2007,5,Buy U A Drank (Shawty Snappin'),T-Pain Featuring Yung Joc,man
2007,75,Big Things Poppin' (Do It),T.I.,man
2007,55,It Ends Tonight,The All-American Rejects,man
2007,24,How To Save A Life,The Fray,man
2007,52,Face Down,The Red Jumpsuit Apparatus,man
2007,66,Apologize,Timbaland Featuring OneRepublic,man
2007,30,Walk It Out,Unk,man
2007,78,2 Step,Unk,man
2007,80,Go Getta,Young Jeezy Featuring R. Kelly,man
2007,95,Rock Yo Hips,Crime Mob Featuring Lil Scrappy,mixed
2007,42,Last Night,Diddy Featuring Keyshia Cole,mixed
2007,10,Glamorous,Fergie Featuring Ludacris,mixed
2007,3,The Sweet Escape,Gwen Stefani Featuring Akon,mixed
2007,35,Runaway Love,Ludacris Featuring Mary J. Blige,mixed
2007,79,Walk Away (Remember Me),Paula DeAnda Featuring The DEY,mixed
2007,85,Break It Off,Rihanna & Sean Paul,mixed
2007,2,Umbrella,Rihanna Featuring Jay-Z,mixed
2007,18,The Way I Are,Timbaland Featuring Keri Hilson,mixed
2007,21,Give It To Me,Timbaland Featuring Nelly Furtado & Justin Timberlake,mixed
2007,11,Don't Matter,Akon,woman
2007,76,No One,Alicia Keys,woman
2007,74,Rehab,Amy Winehouse,woman
2007,12,Girlfriend,Avril Lavigne,woman
2007,64,Keep Holding On,Avril Lavigne,woman
2007,1,Irreplaceable,Beyonce,woman
2007,62,Beautiful Liar,Beyonce & Shakira,woman
2007,6,Before He Cheats,Carrie Underwood,woman
2007,68,Like A Boy,Ciara,woman
2007,71,Promise,Ciara,woman
2007,67,Bubbly,Colbie Caillat,woman
2007,4,Big Girls Don't Cry,Fergie,woman
2007,19,Fergalicious,Fergie,woman
2007,83,Wind It Up,Gwen Stefani,woman
2007,70,Never Again,Kelly Clarkson,woman
2007,65,Let It Go,Keyshia Cole Featuring Missy Elliott & Lil Kim,woman
2007,9,Say It Right,Nelly Furtado,woman
2007,29,U + Ur Hand,P!nk,woman
2007,69,Who Knew,P!nk,woman
2007,90,Shut Up And Drive,Rihanna,woman
2007,89,Teardrops On My Guitar,Taylor Swift,woman
2008,100,She Got It,2 Pistols Featuring T-Pain & Tay Dizm,man
2008,52,It's Not My Time,3 Doors Down,man
2008,71,Cyclone,Baby Bash Featuring T-Pain,man
2008,44,Sorry,Buckcherry,man
2008,9,With You,Chris Brown,man
2008,10,Forever,Chris Brown,man
2008,19,Kiss Kiss,Chris Brown Featuring T-Pain,man
2008,51,What You Got,Colby O'Donis Featuring Akon,man
2008,13,Viva La Vida,Coldplay,man
2008,95,Feels Like Tonight,Daughtry,man
2008,76,Crush,David Archuleta,man
2008,66,Get Like Me,David Banner Featuring Chris Brown,man
2008,69,The Time Of My Life,David Cook,man
2008,25,Paralyzer,Finger Eleven,man
2008,1,Low,Flo Rida Featuring T-Pain,man
2008,59,In The Ayer,Flo Rida Featuring will.i.am,man
2008,87,In Love With A Girl,Gavin DeGraw,man
2008,94,Love Remains The Same,Gavin Rossdale,man
2008,64,Suffocate,J. Holiday,man
2008,27,I'm Yours,Jason Mraz,man
2008,28,Leavin',Jesse McCartney,man
2008,60,Say,John Mayer,man
2008,73,Burnin' Up,Jonas Brothers,man
2008,74,Love Lockdown,Kanye West,man
2008,90,Flashing Lights,Kanye West Featuring Dwele,man
2008,79,Good Life,Kanye West Featuring T-Pain,man
2008,29,Dangerous,Kardinal Offishall Featuring Akon,man
2008,65,Let It Rock,Kevin Rudolf Featuring Lil Wayne,man
2008,85,All Summer Long,Kid Rock,man
2008,43,A Milli,Lil Wayne,man
2008,91,Mrs. Officer,Lil Wayne Featuring Bobby Valentino & Kidd Kidd,man
2008,4,Lollipop,Lil Wayne Featuring Static Major,man
2008,40,Got Money,Lil Wayne Featuring T-Pain,man
2008,55,Shadow Of The Day,Linkin Park,man
2008,63,Superstar,Lupe Fiasco Featuring Matthew Santos,man
2008,32,Shake It,Metro Station,man
2008,20,Closer,Ne-Yo,man
2008,57,Miss Independent,Ne-Yo,man
2008,33,Stop And Stare,OneRepublic,man
2008,77,Hypnotized,Plies Featuring Akon,man
2008,38,Bust It Baby Part 2,Plies Featuring Ne-Yo,man
2008,11,Sexy Can I,Ray J & Yung Berg,man
2008,84,The Boss,Rick Ross Featuring T-Pain,man
2008,98,Into The Night,Santana Featuring Chad Kroeger,man
2008,97,Addicted,Saving Abel,man
2008,34,Take You There,Sean Kingston,man
2008,58,Fall For You,Secondhand Serenade,man
2008,50,Sensual Seduction,Snoop Dogg,man
2008,54,Crank That (Soulja Boy),Soulja Boy Tell'em,man
2008,46,Can't Believe It,T-Pain Featuring Lil Wayne,man
2008,15,Whatever You Like,T.I.,man
2008,88,My Life,The Game Featuring Lil Wayne,man
2008,75,I Luv Your Girl,The-Dream,man
2008,70,Lolli Lolli (Pop That Body),"Three 6 Mafia Featuring Project Pat, Young D & Superpower",man
2008,5,Apologize,Timbaland Featuring OneRepublic,man
2008,93,You're Gonna Miss This,Trace Adkins,man
2008,86,Can't Help But Wait,Trey Songz,man
2008,8,Love In This Club,Usher Featuring Young Jeezy,man
2008,45,Independent,Webbie Featuring Lil' Phat & Lil' Boosie,man
2008,68,Put On,Young Jeezy Featuring Kanye West,man
2008,39,American Boy,Estelle Featuring Kanye West,mixed
2008,6,No Air,Jordin Sparks Duet With Chris Brown,mixed
2008,23,4 Minutes,Madonna Featuring Justin Timberlake & Timbaland,mixed
2008,72,Love Like This,Natasha Bedingfield Featuring Sean Kingston,mixed
2008,62,Hate That I Love You,Rihanna Featuring Ne-Yo,mixed
2008,37,Live Your Life,T.I. Featuring Rihanna,mixed
2008,96,The Way I Are,Timbaland Featuring Keri Hilson,mixed
2008,56,Sweetest Girl (Dollar Bill),"Wyclef Jean Featuring Akon, Lil Wayne & Niia",mixed
2008,31,See You Again,Miley Cyrus,nb
2008,92,7 Things,Miley Cyrus,nb
2008,3,No One,Alicia Keys,woman
2008,47,Like You'll Never See Me Again,Alicia Keys,woman
2008,80,Womanizer,Britney Spears,woman
2008,83,Piece Of Me,Britney Spears,woman
2008,21,Bubbly,Colbie Caillat,woman
2008,67,Realize,Colbie Caillat,woman
2008,42,Damaged,Danity Kane,woman
2008,26,Clumsy,Fergie,woman
2008,78,Big Girls Don't Cry,Fergie,woman
2008,30,Tattoo,Jordin Sparks,woman
2008,61,One Step At A Time,Jordin Sparks,woman
2008,14,I Kissed A Girl,Katy Perry,woman
2008,36,Hot N Cold,Katy Perry,woman
2008,89,I Remember,Keyshia Cole,woman
2008,99,Heaven Sent,Keyshia Cole,woman
2008,2,Bleeding Love,Leona Lewis,woman
2008,53,Better In Time,Leona Lewis,woman
2008,35,Paper Planes,M.I.A.,woman
2008,22,Touch My Body,Mariah Carey,woman
2008,82,Just Fine,Mary J. Blige,woman
2008,18,Pocketful Of Sunshine,Natasha Bedingfield,woman
2008,24,So What,P!nk,woman
2008,12,Take A Bow,Rihanna,woman
2008,16,Disturbia,Rihanna,woman
2008,17,Don't Stop The Music,Rihanna,woman
2008,7,Love Song,Sara Bareilles,woman
2008,41,Our Song,Taylor Swift,woman
2008,48,Teardrops On My Guitar,Taylor Swift,woman
2008,81,Love Story,Taylor Swift,woman
2008,49,When I Grow Up,The Pussycat Dolls,woman
2009,30,Don't Trust Me,3OH!3,man
2009,54,Beautiful,Akon Featuring Colby O'Donis & Kardinal Offishall,man
2009,73,I Love College,Asher Roth,man
2009,93,People Are Crazy,Billy Currington,man
2009,72,Love Drunk,Boys Like Girls,man
2009,84,Then,Brad Paisley,man
2009,55,Viva La Vida,Coldplay,man
2009,63,No Surprise,Daughtry,man
2009,22,Best I Ever Had,Drake,man
2009,88,Forever,"Drake Featuring Kanye West, Lil Wayne & Eminem",man
2009,47,Crack A Bottle,"Eminem, Dr. Dre & 50 Cent",man
2009,71,Throw It In The Bag,Fabolous Featuring The-Dream,man
2009,6,Right Round,Flo Rida,man
2009,78,21 Guns,Green Day,man
2009,83,Replay,Iyaz,man
2009,16,Blame It,Jamie Foxx Featuring T-Pain,man
2009,75,Big Green Tractor,Jason Aldean,man
2009,34,Whatcha Say,Jason Derulo,man
2009,7,I'm Yours,Jason Mraz,man
2009,20,Down,Jay Sean Featuring Lil Wayne,man
2009,37,Birthday Sex,Jeremih,man
2009,86,How Do You Sleep?,Jesse McCartney Featuring Ludacris,man
2009,98,Pop Champagne,Jim Jones & Ron Browz Featuring Juelz Santana,man
2009,92,Green Light,John Legend Featuring Andre 3000,man
2009,89,One Time,Justin Bieber,man
2009,9,Heartless,Kanye West,man
2009,44,Love Lockdown,Kanye West,man
2009,32,Let It Rock,Kevin Rudolf Featuring Lil Wayne,man
2009,28,Day 'N' Nite,Kid Cudi,man
2009,14,Use Somebody,Kings Of Leon,man
2009,61,New Divide,Linkin Park,man
2009,65,Break Up,Mario Featuring Gucci Mane & Sean Garrett,man
2009,99,Pretty Wings,Maxwell,man
2009,42,Mad,Ne-Yo,man
2009,59,Miss Independent,Ne-Yo,man
2009,51,Gotta Be Somebody,Nickelback,man
2009,70,If Today Was Your Last Day,Nickelback,man
2009,60,Fireflies,Owl City,man
2009,17,I Know You Want Me (Calle Ocho),Pitbull,man
2009,46,Hotel Room Service,Pitbull,man
2009,85,Her Diamonds,Rob Thomas,man
2009,33,Fire Burning,Sean Kingston,man
2009,26,Second Chance,Shinedown,man
2009,19,Kiss Me Thru The Phone,Soulja Boy Tell 'em Featuring Sammie,man
2009,79,Turn My Swag On,Soulja Boy Tell'em,man
2009,40,Whatever You Like,T.I.,man
2009,12,Dead And Gone,T.I. Featuring Justin Timberlake,man
2009,10,Gives You Hell,The All-American Rejects,man
2009,13,You Found Me,The Fray,man
2009,100,Never Say Never,The Fray,man
2009,80,Rockin' That Thang,The-Dream,man
2009,67,Every Girl,Young Money,man
2009,81,Chicken Fried,Zac Brown Band,man
2009,94,Whatever It Is,Zac Brown Band,man
2009,43,Good Girls Go Bad,Cobra Starship Featuring Leighton Meester,mixed
2009,58,Sugar,Flo Rida Featuring Wynter,mixed
2009,62,Empire State Of Mind,Jay-Z + Alicia Keys,mixed
2009,31,Run This Town,"Jay-Z, Rihanna & Kanye West",mixed
2009,15,Knock You Down,Keri Hilson Featuring Kanye West & Ne-Yo,mixed
2009,49,Turnin Me On,Keri Hilson Featuring Lil Wayne,mixed
2009,90,I Run To You,Lady Antebellum,mixed
2009,3,Just Dance,Lady Gaga Featuring Colby O'Donis,mixed
2009,97,Say Hey (I Love You),Michael Franti & Spearhead Featuring Cherine Anderson,mixed
2009,18,Live Your Life,T.I. Featuring Rihanna,mixed
2009,1,Boom Boom Pow,The Black Eyed Peas,mixed
2009,4,I Gotta Feeling,The Black Eyed Peas,mixed
2009,21,The Climb,Miley Cyrus,nb
2009,29,Party In The U.S.A.,Miley Cyrus,nb
2009,56,Right Now (Na Na Na),Akon,woman
2009,8,Single Ladies (Put A Ring On It),Beyonce,woman
2009,24,Halo,Beyonce,woman
2009,48,If I Were A Boy,Beyonce,woman
2009,66,Sweet Dreams,Beyonce,woman
2009,82,Diva,Beyonce,woman
2009,27,Circus,Britney Spears,woman
2009,39,Womanizer,Britney Spears,woman
2009,74,If U Seek Amy,Britney Spears,woman
2009,87,3,Britney Spears,woman
2009,68,Fallin' For You,Colbie Caillat,woman
2009,57,Battlefield,Jordin Sparks,woman
2009,25,Hot N Cold,Katy Perry,woman
2009,36,Waking Up In Vegas,Katy Perry,woman
2009,23,My Life Would Suck Without You,Kelly Clarkson,woman
2009,91,I Do Not Hook Up,Kelly Clarkson,woman
2009,95,Already Gone,Kelly Clarkson,woman
2009,96,Goodbye,Kristinia DeBarge,woman
2009,2,Poker Face,Lady Gaga,woman
2009,35,LoveGame,Lady Gaga,woman
2009,53,Paparazzi,Lady Gaga,woman
2009,41,Obsessed,Mariah Carey,woman
2009,38,Sober,P!nk,woman
2009,45,So What,P!nk,woman
2009,52,Please Don't Leave Me,P!nk,woman
2009,77,Disturbia,Rihanna,woman
2009,64,She Wolf,Shakira,woman
2009,5,Love Story,Taylor Swift,woman
2009,11,You Belong With Me,Taylor Swift,woman
2009,76,White Horse,Taylor Swift,woman
2009,50,I Hate This Part,The Pussycat Dolls,woman
2009,69,Untouched,The Veronicas,woman
2010,45,Whataya Want From Me,Adam Lambert,man
2010,11,Nothin' On You,B.o.B Featuring Bruno Mars,man
2010,63,Magic,B.o.B Featuring Rivers Cuomo,man
2010,18,Just The Way You Are,Bruno Mars,man
2010,98,Teach Me How To Dougie,Cali Swag District,man
2010,68,Deuces,Chris Brown Featuring Tyga & Kevin McCall,man
2010,96,Life After You,Daughtry,man
2010,26,Sexy Chick,David Guetta Featuring Akon,man
2010,79,All I Do Is Win,"DJ Khaled Featuring T-Pain, Ludacris, Snoop Dogg & Rick Ross",man
2010,32,Find Your Love,Drake,man
2010,60,Over,Drake,man
2010,71,Forever,"Drake Featuring Kanye West, Lil Wayne & Eminem",man
2010,24,Not Afraid,Eminem,man
2010,12,I Like It,Enrique Iglesias Featuring Pitbull,man
2010,40,Club Can't Handle Me,Flo Rida Featuring David Guetta,man
2010,25,Replay,Iyaz,man
2010,14,In My Head,Jason Derulo,man
2010,34,Ridin' Solo,Jason Derulo,man
2010,43,Whatcha Say,Jason Derulo,man
2010,41,Down,Jay Sean Featuring Lil Wayne,man
2010,53,Do You Remember,Jay Sean Featuring Sean Paul & Lil Jon,man
2010,50,Young Forever,Jay-Z + Mr. Hudson,man
2010,100,"Lover, Lover",Jerrod Niemann,man
2010,44,Baby,Justin Bieber Featuring Ludacris,man
2010,80,I Made It (Cash Money Heroes),"Kevin Rudolf Featuring Birdman, Jay Sean, & Lil Wayne",man
2010,87,Use Somebody,Kings Of Leon,man
2010,48,Live Like We're Dying,Kris Allen,man
2010,90,Right Above It,Lil Wayne Featuring Drake,man
2010,36,How Low,Ludacris,man
2010,62,Misery,Maroon 5,man
2010,39,Haven't Met You Yet,Michael Buble,man
2010,19,Cooler Than Me,Mike Posner,man
2010,35,Just A Dream,Nelly,man
2010,65,Tie Me Down,New Boyz Featuring Ray J,man
2010,54,All The Right Moves,OneRepublic,man
2010,76,Secrets,OneRepublic,man
2010,30,Fireflies,Owl City,man
2010,89,Eenie Meenie,Sean Kingston & Justin Bieber,man
2010,9,Dynamite,Taio Cruz,man
2010,10,Break Your Heart,Taio Cruz Featuring Ludacris,man
2010,27,Breakeven,The Script,man
2010,85,Say Something,Timbaland Featuring Drake,man
2010,38,Carry Out,Timbaland Featuring Justin Timberlake,man
2010,3,"Hey, Soul Sister",Train,man
2010,23,Billionaire,Travie McCoy Featuring Bruno Mars,man
2010,31,Say Aah,Trey Songz Featuring Fabolous,man
2010,97,Smile,Uncle Kracker,man
2010,83,There Goes My Baby,Usher,man
2010,22,DJ Got Us Fallin' In Love,Usher Featuring Pitbull,man
2010,82,Hey Daddy (Daddy's Home),Usher Featuring Plies,man
2010,5,OMG,Usher Featuring will.i.am,man
2010,13,BedRock,Young Money Featuring Lloyd,man
2010,73,My First Kiss,3OH!3 Featuring Ke$ha,mixed
2010,6,Airplanes,B.o.B Featuring Hayley Williams,mixed
2010,72,Two Is Better Than One,Boys Like Girls Featuring Taylor Swift,mixed
2010,7,Love The Way You Lie,Eminem Featuring Rihanna,mixed
2010,37,Like A G6,Far*East Movement Featuring Cataracs & Dev,mixed
2010,21,Empire State Of Mind,Jay-Z + Alicia Keys,mixed
2010,4,California Gurls,Katy Perry Featuring Snoop Dogg,mixed
2010,51,Blah Blah Blah,Ke$ha Featuring 3OH!3,mixed
2010,42,Bulletproof,La Roux,mixed
2010,2,Need You Now,Lady Antebellum,mixed
2010,94,American Honey,Lady Antebellum,mixed
2010,56,My Chick Bad,Ludacris Featuring Nicki Minaj,mixed
2010,61,Animal,Neon Trees,mixed
2010,93,The Only Exception,Paramore,mixed
2010,49,Hard,Rihanna Featuring Jeezy,mixed
2010,77,Naturally,Selena Gomez & The Scene,mixed
2010,81,Stuck Like Glue,Sugarland,mixed
2010,92,If I Die Young,The Band Perry,mixed
2010,20,Imma Be,The Black Eyed Peas,mixed
2010,29,I Gotta Feeling,The Black Eyed Peas,mixed
2010,58,Meet Me Halfway,The Black Eyed Peas,mixed
2010,75,Rock That Body,The Black Eyed Peas,mixed
2010,67,Party In The U.S.A.,Miley Cyrus,nb
2010,78,Un-Thinkable (I'm Ready),Alicia Keys,woman
2010,99,Try Sleeping With A Broken Heart,Alicia Keys,woman
2010,86,Sweet Dreams,Beyonce,woman
2010,69,3,Britney Spears,woman
2010,88,Undo It,Carrie Underwood,woman
2010,17,Teenage Dream,Katy Perry,woman
2010,1,TiK ToK,Ke$ha,woman
2010,28,Your Love Is My Drug,Ke$ha,woman
2010,59,Take It Off,Ke$ha,woman
2010,74,Already Gone,Kelly Clarkson,woman
2010,8,Bad Romance,Lady Gaga,woman
2010,33,Alejandro,Lady Gaga,woman
2010,64,Paparazzi,Lady Gaga,woman
2010,16,Telephone,Lady Gaga Featuring Beyonce,woman
2010,91,The House That Built Me,Miranda Lambert,woman
2010,66,Your Love,Nicki Minaj,woman
2010,55,According To You,Orianthi,woman
2010,15,Rude Boy,Rihanna,woman
2010,47,Only Girl (In The World),Rihanna,woman
2010,95,King Of Anything,Sara Bareilles,woman
2010,70,Impossible,Shontelle,woman
2010,46,Mine,Taylor Swift,woman
2010,57,You Belong With Me,Taylor Swift,woman
2010,84,Today Was A Fairytale,Taylor Swift,woman
2010,52,Bottoms Up,Trey Songz Featuring Nicki Minaj,woman
2011,34,Lighters,Bad Meets Evil Featuring Bruno Mars,man
2011,100,My Last,Big Sean Featuring Chris Brown,man
2011,67,Honey Bee,Blake Shelton,man
2011,94,God Gave Me You,Blake Shelton,man
2011,6,Grenade,Bruno Mars,man
2011,15,Just The Way You Are,Bruno Mars,man
2011,26,The Lazy Song,Bruno Mars,man
2011,49,Yeah 3X,Chris Brown,man
2011,89,She Ain't You,Chris Brown,man
2011,21,Look At Me Now,Chris Brown Featuring Lil Wayne & Busta Rhymes,man
2011,73,Without You,David Guetta Featuring Usher,man
2011,47,I'm On One,"DJ Khaled Featuring Drake, Rick Ross & Lil Wayne",man
2011,85,Headlines,Drake,man
2011,76,Crazy Girl,Eli Young Band,man
2011,16,Tonight (I'm Lovin' You),Enrique Iglesias Featuring Ludacris & DJ Frank E,man
2011,58,Rocketeer,Far*East Movement Featuring Ryan Tedder,man
2011,13,Pumped Up Kicks,Foster The People,man
2011,36,Stereo Hearts,Gym Class Heroes Featuring Adam Levine,man
2011,32,Tonight Tonight,Hot Chelle Rae,man
2011,79,Barefoot Blue Jean Night,Jake Owen,man
2011,43,Dirt Road Anthem,Jason Aldean,man
2011,87,Don't Wanna Go Home,Jason Derulo,man
2011,22,Down On Me,Jeremih Featuring 50 Cent,man
2011,59,All Of The Lights,Kanye West,man
2011,23,How To Love,Lil Wayne,man
2011,41,6 Foot 7 Foot,Lil Wayne Featuring Cory Gunz,man
2011,95,She Will,Lil Wayne Featuring Drake,man
2011,57,Sexy And I Know It,LMFAO,man
2011,81,Country Girl (Shake It For Me),Luke Bryan,man
2011,28,The Show Goes On,Lupe Fiasco,man
2011,92,Sure Thing,Miguel,man
2011,91,Please Don't Go,Mike Posner,man
2011,52,Just A Dream,Nelly,man
2011,25,Good Life,OneRepublic,man
2011,39,Hey Baby (Drop It To The Floor),Pitbull Featuring T-Pain,man
2011,90,Take A Back Road,Rodney Atkins,man
2011,44,Dynamite,Taio Cruz,man
2011,66,For The First Time,The Script,man
2011,63,Written In The Stars,Tinie Tempah Featuring Eric Turner,man
2011,61,More,Usher,man
2011,65,DJ Got Us Fallin' In Love,Usher Featuring Pitbull,man
2011,45,No Hands,Waka Flocka Flame Featuring Roscoe Dash & Wale,man
2011,31,Black And Yellow,Wiz Khalifa,man
2011,56,Roll Up,Wiz Khalifa,man
2011,99,Colder Weather,Zac Brown Band,man
2011,80,Knee Deep,Zac Brown Band Featuring Jimmy Buffett,man
2011,82,Remind Me,Brad Paisley Duet With Carrie Underwood,mixed
2011,48,You Make Me Feel...,Cobra Starship Featuring Sabi,mixed
2011,88,Where Them Girls At,David Guetta Featuring Flo Rida & Nicki Minaj,mixed
2011,38,Coming Home,Diddy - Dirty Money Featuring Skylar Grey,mixed
2011,51,I Need A Doctor,Dr. Dre Featuring Eminem & Skylar Grey,mixed
2011,54,Stereo Love,Edward Maya & Vika Jigulina,mixed
2011,72,Like A G6,Far*East Movement Featuring Cataracs & Dev,mixed
2011,68,Don't You Wanna Stay,Jason Aldean With Kelly Clarkson,mixed
2011,11,On The Floor,Jennifer Lopez Featuring Pitbull,mixed
2011,93,Price Tag,Jessie J Featuring B.o.B,mixed
2011,4,E.T.,Katy Perry Featuring Kanye West,mixed
2011,53,Motivation,Kelly Rowland Featuring Lil Wayne,mixed
2011,98,You And Tequila,Kenny Chesney Featuring Grace Potter,mixed
2011,42,Just A Kiss,Lady Antebellum,mixed
2011,2,Party Rock Anthem,LMFAO Featuring Lauren Bennett & GoonRock,mixed
2011,9,Moves Like Jagger,Maroon 5 Featuring Christina Aguilera,mixed
2011,97,Animal,Neon Trees,mixed
2011,84,Backseat,New Boyz Featuring The Cataracs & Dev,mixed
2011,50,Moment 4 Life,Nicki Minaj Featuring Drake,mixed
2011,5,Give Me Everything,"Pitbull Featuring Ne-Yo, Afrojack & Nayer",mixed
2011,69,We Found Love,Rihanna Featuring Calvin Harris,mixed
2011,20,What's My Name?,Rihanna Featuring Drake,mixed
2011,78,Who Says,Selena Gomez & The Scene,mixed
2011,35,If I Die Young,The Band Perry,mixed
2011,10,Just Can't Get Enough,The Black Eyed Peas,mixed
2011,37,The Time (Dirty Bit),The Black Eyed Peas,mixed
2011,96,Are You Gonna Kiss Me Or Not,Thompson Square,mixed
2011,1,Rolling In The Deep,Adele,woman
2011,24,Someone Like You,Adele,woman
2011,62,What The Hell,Avril Lavigne,woman
2011,86,Best Thing I Never Had,Beyonce,woman
2011,27,Till The World Ends,Britney Spears,woman
2011,46,I Wanna Go,Britney Spears,woman
2011,60,Hold It Against Me,Britney Spears,woman
2011,55,Jar Of Hearts,Christina Perri,woman
2011,83,In The Dark,Dev,woman
2011,3,Firework,Katy Perry,woman
2011,14,Last Friday Night (T.G.I.F.),Katy Perry,woman
2011,75,Teenage Dream,Katy Perry,woman
2011,30,We R Who We R,Ke$ha,woman
2011,33,Blow,Ke$ha,woman
2011,70,Pretty Girl Rock,Keri Hilson,woman
2011,18,Born This Way,Lady Gaga,woman
2011,29,The Edge Of Glory,Lady Gaga,woman
2011,71,You And I,Lady Gaga,woman
2011,8,Super Bass,Nicki Minaj,woman
2011,17,Raise Your Glass,P!nk,woman
2011,19,F**kin' Perfect,P!nk,woman
2011,12,S&M,Rihanna,woman
2011,40,Only Girl (In The World),Rihanna,woman
2011,77,Cheers (Drink To That),Rihanna,woman
2011,74,Back To December,Taylor Swift,woman
2011,64,Bottoms Up,Trey Songz Featuring Nicki Minaj,woman
2012,54,No Lie,2 Chainz Featuring Drake,man
2012,30,Too Close,Alex Clare,man
2012,80,So Good,B.o.B,man
2012,26,It Will Rain,Bruno Mars,man
2012,92,Cashin' Out,Ca$h Out,man
2012,42,Feel So Close,Calvin Harris,man
2012,65,Let's Go,Calvin Harris Featuring Ne-Yo,man
2012,56,Don't Wake Me Up,Chris Brown,man
2012,84,Turn Up The Music,Chris Brown,man
2012,69,Paradise,Coldplay,man
2012,50,Without You,David Guetta Featuring Usher,man
2012,20,The Motto,Drake Featuring Lil Wayne,man
2012,99,Even If It Breaks Your Heart,Eli Young Band,man
2012,58,Springsteen,Eric Church,man
2012,16,Good Feeling,Flo Rida,man
2012,17,Whistle,Flo Rida,man
2012,14,Some Nights,fun.,man
2012,60,Not Over You,Gavin DeGraw,man
2012,61,Stereo Hearts,Gym Class Heroes Featuring Adam Levine,man
2012,52,Wanted,Hunter Hayes,man
2012,91,It's Time,Imagine Dragons,man
2012,63,Work Out,J. Cole,man
2012,88,Take A Little Ride,Jason Aldean,man
2012,98,Fly Over States,Jason Aldean,man
2012,25,I Won't Give Up,Jason Mraz,man
2012,40,Ni**as in Paris,Jay Z Kanye West,man
2012,28,Boyfriend,Justin Bieber,man
2012,34,As Long As You Love Me,Justin Bieber Featuring Big Sean,man
2012,27,Mercy,"Kanye West, Big Sean, Pusha T, 2 Chainz",man
2012,76,Come Over,Kenny Chesney,man
2012,96,Somethin' 'Bout A Truck,Kip Moore,man
2012,78,Drank In My Cup,Kirko Bangz,man
2012,95,Hard To Love,Lee Brice,man
2012,100,Burn It Down,Linkin Park,man
2012,13,Sexy And I Know It,LMFAO,man
2012,53,Drunk On You,Luke Bryan,man
2012,93,I Don't Want This Night To End,Luke Bryan,man
2012,18,One More Night,Maroon 5,man
2012,4,Payphone,Maroon 5 Featuring Wiz Khalifa,man
2012,97,Adorn,Miguel,man
2012,74,Let Me Love You (Until You Learn To Love Yourself),Ne-Yo,man
2012,10,What Makes You Beautiful,One Direction,man
2012,49,Home,Phillip Phillips,man
2012,62,Back In Time,Pitbull,man
2012,48,International Love,Pitbull Featuring Chris Brown,man
2012,47,Gangnam Style,PSY,man
2012,32,"Young, Wild & Free",Snoop Dogg & Wiz Khalifa Featuring Bruno Mars,man
2012,6,Glad You Came,The Wanted,man
2012,82,Red Solo Cup,Toby Keith,man
2012,19,Drive By,Train,man
2012,81,50 Ways To Say Goodbye,Train,man
2012,77,Heart Attack,Trey Songz,man
2012,45,Rack City,Tyga,man
2012,44,Scream,Usher,man
2012,72,Climax,Usher,man
2012,73,"Work Hard, Play Hard",Wiz Khalifa,man
2012,57,Dance (A$$),Big Sean Featuring Nicki Minaj,mixed
2012,35,Turn Me On,David Guetta Featuring Nicki Minaj,mixed
2012,24,Titanium,David Guetta Featuring Sia,mixed
2012,23,Take Care,Drake Featuring Rihanna,mixed
2012,11,Wild Ones,Flo Rida Featuring Sia,mixed
2012,3,We Are Young,fun. Featuring Janelle Monae,mixed
2012,1,Somebody That I Used To Know,Gotye Featuring Kimbra,mixed
2012,51,Ass Back Home,Gym Class Heroes Featuring Neon Hitch,mixed
2012,90,We Run The Night,Havana Brown Featuring Pitbull,mixed
2012,59,Brokenhearted,Karmin,mixed
2012,67,Pontoon,Little Big Town,mixed
2012,29,Party Rock Anthem,LMFAO Featuring Lauren Bennett & GoonRock,mixed
2012,36,Moves Like Jagger,Maroon 5 Featuring Christina Aguilera,mixed
2012,22,Everybody Talks,Neon Trees,mixed
2012,38,Good Time,Owl City & Carly Rae Jepsen,mixed
2012,8,We Found Love,Rihanna Featuring Calvin Harris,mixed
2012,79,Birthday Cake,Rihanna Featuring Chris Brown,mixed
2012,83,Love You Like A Love Song,Selena Gomez & The Scene,mixed
2012,86,5 O'Clock,T-Pain Featuring Wiz Khalifa & Lily Allen,mixed
2012,68,Ho Hey,The Lumineers,mixed
2012,12,Set Fire To The Rain,Adele,woman
2012,43,Someone Like You,Adele,woman
2012,64,Rumour Has It,Adele,woman
2012,71,Rolling In The Deep,Adele,woman
2012,2,Call Me Maybe,Carly Rae Jepsen,woman
2012,66,Good Girl,Carrie Underwood,woman
2012,70,Blown Away,Carrie Underwood,woman
2012,55,Want U Back,Cher Lloyd,woman
2012,87,A Thousand Years,Christina Perri,woman
2012,39,Give Your Heart A Break,Demi Lovato,woman
2012,5,Lights,Ellie Goulding,woman
2012,46,Domino,Jessie J,woman
2012,15,Wide Awake,Katy Perry,woman
2012,31,Part Of Me,Katy Perry,woman
2012,41,The One That Got Away,Katy Perry,woman
2012,85,Die Young,Ke$ha,woman
2012,7,Stronger (What Doesn't Kill You),Kelly Clarkson,woman
2012,9,Starships,Nicki Minaj,woman
2012,75,Pound The Alarm,Nicki Minaj,woman
2012,37,Blow Me (One Last Kiss),P!nk,woman
2012,21,Where Have You Been,Rihanna,woman
2012,89,You Da One,Rihanna,woman
2012,94,Diamonds,Rihanna,woman
2012,33,We Are Never Ever Getting Back Together,Taylor Swift,woman
2013,99,I'm Different,2 Chainz,man
2013,41,F**kin Problems,"A$AP Rocky Featuring Drake, 2 Chainz & Kendrick Lamar",man
2013,91,Bugatti,Ace Hood Featuring Future & Rick Ross,man
2013,19,Wake Me Up!,Avicii,man
2013,25,Sail,AWOLNATION,man
2013,4,Harlem Shake,Baauer,man
2013,80,Sure Be Cool If You Did,Blake Shelton,man
2013,8,When I Was Your Man,Bruno Mars,man
2013,11,Locked Out Of Heaven,Bruno Mars,man
2013,30,Treasure,Bruno Mars,man
2013,29,Safe And Sound,Capital Cities,man
2013,14,Get Lucky,Daft Punk Featuring Pharrell Williams,man
2013,54,Wagon Wheel,Darius Rucker,man
2013,32,Started From The Bottom,Drake,man
2013,34,"Hold On, We're Going Home",Drake Featuring Majid Jordan,man
2013,75,The A Team,Ed Sheeran,man
2013,67,Berzerk,Eminem,man
2013,40,My Songs Know What You Did In The Dark (Light Em Up),Fall Out Boy,man
2013,64,I Cry,Flo Rida,man
2013,94,Get Your Shine On,Florida Georgia Line,man
2013,9,Cruise,Florida Georgia Line Featuring Nelly,man
2013,58,Some Nights,fun.,man
2013,76,Carry On,fun.,man
2013,72,I Want Crazy,Hunter Hayes,man
2013,92,Wanted,Hunter Hayes,man
2013,3,Radioactive,Imagine Dragons,man
2013,47,It's Time,Imagine Dragons,man
2013,62,Demons,Imagine Dragons,man
2013,48,Power Trip,J. Cole Featuring Miguel,man
2013,66,The Other Side,Jason Derulo,man
2013,22,Holy Grail,Jay Z Featuring Justin Timberlake,man
2013,6,Mirrors,Justin Timberlake,man
2013,20,Suit & Tie,Justin Timberlake Featuring JAY Z,man
2013,79,Swimming Pools (Drank),Kendrick Lamar,man
2013,39,Love Me,Lil Wayne Featuring Drake & Future,man
2013,69,Crash My Party,Luke Bryan,man
2013,78,That's My Kind Of Night,Luke Bryan,man
2013,5,Can't Hold Us,Macklemore & Ryan Lewis Featuring Ray Dalton,man
2013,1,Thrift Shop,Macklemore & Ryan Lewis Featuring Wanz,man
2013,35,Daylight,Maroon 5,man
2013,38,One More Night,Maroon 5,man
2013,51,Love Somebody,Maroon 5,man
2013,84,Adorn,Miguel,man
2013,52,I Will Wait,Mumford & Sons,man
2013,86,Let Me Love You (Until You Learn To Love Yourself),Ne-Yo,man
2013,82,Troublemaker,Olly Murs Featuring Flo Rida,man
2013,74,Best Song Ever,One Direction,man
2013,63,Counting Stars,OneRepublic,man
2013,97,Let Her Go,Passenger,man
2013,46,Home,Phillip Phillips,man
2013,61,"Gone, Gone, Gone",Phillip Phillips,man
2013,55,Gangnam Style,PSY,man
2013,98,Runnin' Outta Moonlight,Randy Houser,man
2013,2,Blurred Lines,Robin Thicke Featuring T.I. + Pharrell,man
2013,87,U.O.E.N.O.,Rocko Featuring Future & Rick Ross,man
2013,26,Don't You Worry Child,Swedish House Mafia Featuring John Martin,man
2013,85,Hall Of Fame,The Script Featuring will.i.am,man
2013,90,It Goes Like This,Thomas Rhett,man
2013,95,#thatPOWER,will.i.am Featuring Justin Bieber,man
2013,73,The Fox,Ylvis,man
2013,31,The Way,Ariana Grande Featuring Mac Miller,mixed
2013,60,Boys 'round Here,Blake Shelton Featuring Pistol Annies & Friends,mixed
2013,56,I Need Your Love,Calvin Harris Featuring Ellie Goulding,mixed
2013,44,Sweet Nothing,Calvin Harris Featuring Florence Welch,mixed
2013,42,Beauty And A Beat,Justin Bieber Featuring Nicki Minaj,mixed
2013,93,Downtown,Lady Antebellum,mixed
2013,45,Summertime Sadness,Lana Del Rey & Cedric Gervais,mixed
2013,43,Same Love,Macklemore & Ryan Lewis Featuring Mary Lambert,mixed
2013,81,#Beautiful,Mariah Carey Featuring Miguel,mixed
2013,65,Little Talks,Of Monsters And Men,mixed
2013,7,Just Give Me A Reason,P!nk Featuring Nate Ruess,mixed
2013,100,Still Into You,Paramore,mixed
2013,36,Feel This Moment,Pitbull Featuring Christina Aguilera,mixed
2013,13,Stay,Rihanna Featuring Mikky Ekko,mixed
2013,12,Ho Hey,The Lumineers,mixed
2013,77,Highway Don't Care,Tim McGraw With Taylor Swift,mixed
2013,24,Clarity,Zedd Featuring Foxes,mixed
2013,17,We Can't Stop,Miley Cyrus,nb
2013,18,Wrecking Ball,Miley Cyrus,nb
2013,49,Girl On Fire,Alicia Keys Featuring Nicki Minaj,woman
2013,21,Cups (Pitch Perfect's When I'm Gone),Anna Kendrick,woman
2013,83,Body Party,Ciara,woman
2013,50,Heart Attack,Demi Lovato,woman
2013,88,Next To Me,Emeli Sande,woman
2013,28,I Love It,Icona Pop Featuring Charli XCX,woman
2013,10,Roar,Katy Perry,woman
2013,57,Die Young,Ke$ha,woman
2013,68,Catch My Breath,Kelly Clarkson,woman
2013,37,Applause,Lady Gaga,woman
2013,15,Royals,Lorde,woman
2013,89,Mama's Broken Heart,Miranda Lambert,woman
2013,53,Try,P!nk,woman
2013,27,Diamonds,Rihanna,woman
2013,70,Pour It Up,Rihanna,woman
2013,96,Brave,Sara Bareilles,woman
2013,33,Come & Get It,Selena Gomez,woman
2013,16,I Knew You Were Trouble.,Taylor Swift,woman
2013,71,22,Taylor Swift,woman
2013,59,Bad,Wale Featuring Tiara Thomas Or Rihanna,woman
2013,23,Scream & Shout,will.i.am & Britney Spears,woman
2014,86,Amnesia,5 Seconds Of Summer,man
2014,93,She Looks So Perfect,5 Seconds Of Summer,man
2014,48,The Man,Aloe Blacc,man
2014,31,Best Day Of My Life,American Authors,man
2014,22,Wake Me Up!,Avicii,man
2014,60,Hey Brother,Avicii,man
2014,12,Pompeii,Bastille,man
2014,54,Hot Boy,Bobby Shmurda,man
2014,68,Bottoms Up,Brantley Gilbert,man
2014,33,Summer,Calvin Harris,man
2014,30,Loyal,Chris Brown Featuring Lil Wayne & French Montana Or Too $hort Or Tyga,man
2014,77,New Flame,Chris Brown Featuring Usher & Rick Ross,man
2014,51,A Sky Full Of Stars,Coldplay,man
2014,79,Drunk On A Plane,Dierks Bentley,man
2014,15,Turn Down For What,DJ Snake & Lil Jon,man
2014,97,0 To 100 / The Catch Up,Drake,man
2014,55,"Hold On, We're Going Home",Drake Featuring Majid Jordan,man
2014,52,Don't,Ed Sheeran,man
2014,56,Sing,Ed Sheeran,man
2014,38,Bailando,Enrique Iglesias Featuring Descemer Bueno & Gente de Zona,man
2014,66,Dirt,Florida Georgia Line,man
2014,49,This Is How We Roll,Florida Georgia Line Featuring Luke Bryan,man
2014,23,Demons,Imagine Dragons,man
2014,57,Radioactive,Imagine Dragons,man
2014,91,Beachin',Jake Owen,man
2014,63,Burnin' It Down,Jason Aldean,man
2014,61,Trumpets,Jason Derulo,man
2014,6,Talk Dirty,Jason Derulo Featuring 2 Chainz,man
2014,40,Wiggle,Jason Derulo Featuring Snoop Dogg,man
2014,42,Don't Tell 'Em,Jeremih Featuring YG,man
2014,3,All Of Me,John Legend,man
2014,45,Not A Bad Thing,Justin Timberlake,man
2014,73,American Kids,Kenny Chesney,man
2014,43,Show Me,Kid Ink Featuring Chris Brown,man
2014,88,Come With Me Now,KONGOS,man
2014,98,I Don't Dance,Lee Brice,man
2014,89,Believe Me,Lil Wayne Featuring Drake,man
2014,64,Play It Again,Luke Bryan,man
2014,7,Rude,MAGIC!,man
2014,29,Maps,Maroon 5,man
2014,62,Animals,Maroon 5,man
2014,71,Animals,Martin Garrix,man
2014,78,Love Never Felt So Good,Michael Jackson & Justin Timberlake,man
2014,50,Classic,MKTO,man
2014,14,Am I Wrong,Nico & Vinz,man
2014,24,Story Of My Life,One Direction,man
2014,5,Counting Stars,OneRepublic,man
2014,67,Love Runs Out,OneRepublic,man
2014,19,Let Her Go,Passenger,man
2014,1,Happy,Pharrell Williams,man
2014,72,Lifestyle,Rich Gang Featuring Young Thug & Rich Homie Quan,man
2014,70,Me And My Broken Heart,Rixton,man
2014,83,Blurred Lines,Robin Thicke Featuring T.I. + Pharrell,man
2014,76,Leave The Night On,Sam Hunt,man
2014,96,Studio,ScHoolboy Q Featuring BJ The Chicago Kid,man
2014,85,Can't Remember To Forget You,Shakira Featuring Rihanna,man
2014,75,Sweater Weather,The Neighbourhood,man
2014,53,Na Na,Trey Songz,man
2014,58,My Hitta,YG Featuring Jeezy & Rich Homie Quan,man
2014,17,Say Something,A Great Big World & Christina Aguilera,mixed
2014,37,Break Free,Ariana Grande Featuring Zedd,mixed
2014,35,Drunk In Love,Beyonce Featuring Jay Z,mixed
2014,41,Rather Be,Clean Bandit Featuring Jess Glynne,mixed
2014,28,Latch,Disclosure Featuring Sam Smith,mixed
2014,59,Cool Kids,Echosmith,mixed
2014,16,The Monster,Eminem Featuring Rihanna,mixed
2014,2,Dark Horse,Katy Perry Featuring Juicy J,mixed
2014,81,Bartender,Lady Antebellum,mixed
2014,84,Do What U Want,Lady Gaga Featuring R. Kelly,mixed
2014,92,White Walls,Macklemore & Ryan Lewis Featuring ScHoolboy Q & Hollis,mixed
2014,90,23,"Mike WiLL Made-It Featuring Miley Cyrus, Wiz Khalifa & Juicy J",mixed
2014,82,La La La,Naughty Boy Featuring Sam Smith,mixed
2014,47,Ain't It Fun,Paramore,mixed
2014,11,Timber,Pitbull Featuring Ke$ha,mixed
2014,87,No Mediocre,T.I. Featuring Iggy Azalea,mixed
2014,65,2 On,Tinashe Featuring ScHoolboy Q,mixed
2014,94,Stay The Night,Zedd Featuring Hayley Williams,mixed
2014,44,Wrecking Ball,Miley Cyrus,nb
2014,100,Adore You,Miley Cyrus,nb
2014,10,Stay With Me,Sam Smith,nb
2014,9,Problem,Ariana Grande Featuring Iggy Azalea,woman
2014,69,Shower,Becky G,woman
2014,95,Partition,Beyonce,woman
2014,34,Boom Clap,Charli XCX,woman
2014,39,Burn,Ellie Goulding,woman
2014,21,Let It Go,Idina Menzel,woman
2014,4,Fancy,Iggy Azalea Featuring Charli XCX,woman
2014,26,Black Widow,Iggy Azalea Featuring Rita Ora,woman
2014,27,Bang Bang,"Jessie J, Ariana Grande & Nicki Minaj",woman
2014,46,Roar,Katy Perry,woman
2014,80,Birthday,Katy Perry,woman
2014,18,Team,Lorde,woman
2014,20,Royals,Lorde,woman
2014,8,All About That Bass,Meghan Trainor,woman
2014,99,Somethin' Bad,Miranda Lambert Duet With Carrie Underwood,woman
2014,36,Anaconda,Nicki Minaj,woman
2014,74,Brave,Sara Bareilles,woman
2014,25,Chandelier,Sia,woman
2014,13,Shake It Off,Taylor Swift,woman
2014,32,Habits (Stay High),Tove Lo,woman
2015,25,"Honey, I'm Good.",Andy Grammer,man
2015,88,Blessings,Big Sean Featuring Drake,man
2015,47,I Don't F**k With You,Big Sean Featuring E-40,man
2015,100,How Deep Is Your Love,Calvin Harris & Disciples,man
2015,86,Ayo,Chris Brown & Tyga,man
2015,30,Hotline Bling,Drake,man
2015,99,Back To Back,Drake,man
2015,2,Thinking Out Loud,Ed Sheeran,man
2015,34,Photograph,Ed Sheeran,man
2015,92,Don't,Ed Sheeran,man
2015,43,Centuries,Fall Out Boy,man
2015,60,Uma Thurman,Fall Out Boy,man
2015,4,Trap Queen,Fetty Wap,man
2015,44,My Way,Fetty Wap Featuring Monty,man
2015,21,679,Fetty Wap Featuring Remy Boyz,man
2015,32,G.D.F.R.,Flo Rida Featuring Sage The Gemini & Lookas,man
2015,89,Budapest,George Ezra,man
2015,14,Take Me To Church,Hozier,man
2015,82,Tuesday,I LOVE MAKONNEN Featuring Drake,man
2015,83,Hit The Quan,iLoveMemphis,man
2015,17,Want To Want Me,Jason Derulo,man
2015,72,Classic Man,Jidenna Featuring Roman GianArthur,man
2015,33,What Do You Mean?,Justin Bieber,man
2015,87,Kick The Dust Up,Luke Bryan,man
2015,84,Downtown,"Macklemore & Ryan Lewis Featuring Eric Nally, Melle Mel, Kool Moe Dee & Grandmaster Caz",man
2015,1,Uptown Funk!,Mark Ronson Featuring Bruno Mars,man
2015,5,Sugar,Maroon 5,man
2015,46,Animals,Maroon 5,man
2015,95,Waves,Mr. Probz,man
2015,97,She Knows,Ne-Yo Featuring Juicy J,man
2015,38,Jealous,Nick Jonas,man
2015,68,Chains,Nick Jonas,man
2015,96,El Perdon (Forgiveness),Nicky Jam & Enrique Iglesias,man
2015,79,CoCo,O.T. Genasis,man
2015,11,Cheerleader,OMI,man
2015,65,Drag Me Down,One Direction,man
2015,98,Night Changes,One Direction,man
2015,39,Time Of Our Lives,Pitbull & Ne-Yo,man
2015,40,Locked Away,R. City Featuring Adam Levine,man
2015,70,No Type,Rae Sremmurd,man
2015,49,Flex (Ooh Ooh Ooh),Rich Homie Quan,man
2015,45,Take Your Time,Sam Hunt,man
2015,85,House Party,Sam Hunt,man
2015,36,Stitches,Shawn Mendes,man
2015,8,Watch Me,Silento,man
2015,19,Where Are U Now,Skrillex & Diplo With Justin Bieber,man
2015,50,Nasty Freestyle,T-Wayne,man
2015,9,Earned It (Fifty Shades Of Grey),The Weeknd,man
2015,10,The Hills,The Weeknd,man
2015,12,Can't Feel My Face,The Weeknd,man
2015,64,Slow Motion,Trey Songz,man
2015,55,I Don't Mind,Usher Featuring Juicy J,man
2015,71,Riptide,Vance Joy,man
2015,6,Shut Up And Dance,WALK THE MOON,man
2015,3,See You Again,Wiz Khalifa Featuring Charlie Puth,man
2015,54,Renegades,X Ambassadors,man
2015,56,Love Me Harder,Ariana Grande & The Weeknd,mixed
2015,75,Marvin Gaye,Charlie Puth Featuring Meghan Trainor,mixed
2015,31,Hey Mama,"David Guetta Featuring Nicki Minaj, Bebe Rexha & Afrojack",mixed
2015,59,You Know You Like It,DJ Snake & AlunaGeorge,mixed
2015,23,Worth It,Fifth Harmony Featuring Kid Ink,mixed
2015,78,The Hanging Tree,James Newton Howard Featuring Jennifer Lawrence,mixed
2015,63,Girl Crush,Little Big Town,mixed
2015,16,Lean On,Major Lazer & DJ Snake Featuring MO,mixed
2015,69,All Eyes On You,Meek Mill Featuring Chris Brown & Nicki Minaj,mixed
2015,76,Like I'm Gonna Lose You,Meghan Trainor Featuring John Legend,mixed
2015,41,Somebody,Natalie La Rose Featuring Jeremih,mixed
2015,66,Truffle Butter,Nicki Minaj Featuring Drake & Lil Wayne,mixed
2015,51,Only,"Nicki Minaj Featuring Drake, Lil Wayne & Chris Brown",mixed
2015,24,Post To Be,Omarion Featuring Chris Brown & Jhene Aiko,mixed
2015,42,FourFiveSeconds,Rihanna & Kanye West & Paul McCartney,mixed
2015,27,Good For You,Selena Gomez Featuring A$AP Rocky,mixed
2015,15,Bad Blood,Taylor Swift Featuring Kendrick Lamar,mixed
2015,26,I'm Not The Only One,Sam Smith,nb
2015,58,Stay With Me,Sam Smith,nb
2015,81,Lay Me Down,Sam Smith,nb
2015,35,Hello,Adele,woman
2015,94,Here,Alessia Cara,woman
2015,67,One Last Time,Ariana Grande,woman
2015,61,11-Jul,Beyonce,woman
2015,53,Cool For The Summer,Demi Lovato,woman
2015,93,Ghost,Ella Henderson,woman
2015,73,Ex's & Oh's,Elle King,woman
2015,13,Love Me Like You Do,Ellie Goulding,woman
2015,80,Bang Bang,"Jessie J, Ariana Grande & Nicki Minaj",woman
2015,91,Heartbeat Song,Kelly Clarkson,woman
2015,22,Lips Are Movin,Meghan Trainor,woman
2015,28,All About That Bass,Meghan Trainor,woman
2015,74,Dear Future Husband,Meghan Trainor,woman
2015,20,Fight Song,Rachel Platten,woman
2015,48,B**** Better Have My Money,Rihanna,woman
2015,62,The Heart Wants What It Wants,Selena Gomez,woman
2015,52,Elastic Heart,Sia,woman
2015,90,Chandelier,Sia,woman
2015,7,Blank Space,Taylor Swift,woman
2015,18,Shake It Off,Taylor Swift,woman
2015,29,Style,Taylor Swift,woman
2015,57,Wildest Dreams,Taylor Swift,woman
2015,37,Talking Body,Tove Lo,woman
2015,77,Habits (Stay High),Tove Lo,woman
2016,35,Don't,Bryson Tiller,man
2016,53,Exchange,Bryson Tiller,man
2016,43,One Call Away,Charlie Puth,man
2016,89,Back To Sleep,Chris Brown,man
2016,73,Hymn For The Weekend,Coldplay,man
2016,95,Adventure Of A Lifetime,Coldplay,man
2016,34,Broccoli,D.R.A.M. Featuring Lil Yachty,man
2016,6,Panda,Desiigner,man
2016,98,Tiimmy Turner,Desiigner,man
2016,59,For Free,DJ Khaled Featuring Drake,man
2016,80,Middle,DJ Snake Featuring Bipolar Sunshine,man
2016,47,Let Me Love You,DJ Snake Featuring Justin Bieber,man
2016,24,Hotline Bling,Drake,man
2016,41,Controlla,Drake,man
2016,37,Jumpman,Drake & Future,man
2016,82,Pop Style,Drake Featuring The Throne,man
2016,54,679,Fetty Wap Featuring Remy Boyz,man
2016,14,My House,Flo Rida,man
2016,49,H.O.L.Y.,Florida Georgia Line,man
2016,97,Wicked,Future,man
2016,30,Low Life,Future Featuring The Weeknd,man
2016,44,Let It Go,James Bay,man
2016,55,Oui,Jeremih,man
2016,1,Love Yourself,Justin Bieber,man
2016,2,Sorry,Justin Bieber,man
2016,31,What Do You Mean?,Justin Bieber,man
2016,9,Can't Stop The Feeling!,Justin Timberlake,man
2016,48,Don't Mind,Kent Jones,man
2016,57,2 Phones,Kevin Gates,man
2016,92,Really Really,Kevin Gates,man
2016,68,Sucker For Pain,"Lil Wayne, Wiz Khalifa & Imagine Dragons With Logic & Ty Dolla $ign Feat. X Ambassadors",man
2016,12,7 Years,Lukas Graham,man
2016,15,I Took A Pill In Ibiza,Mike Posner,man
2016,91,Cut It,O.T. Genasis Featuring Young Dolph,man
2016,100,Perfect,One Direction,man
2016,65,White Iverson,Post Malone,man
2016,23,Stitches,Shawn Mendes,man
2016,28,Treat You Better,Shawn Mendes,man
2016,11,Cheap Thrills,Sia Featuring Sean Paul,man
2016,88,Watch Me,Silento,man
2016,32,The Hills,The Weeknd,man
2016,61,In The Night,The Weeknd,man
2016,72,Can't Feel My Face,The Weeknd,man
2016,58,Starboy,The Weeknd Featuring Daft Punk,man
2016,64,Die A Happy Man,Thomas Rhett,man
2016,96,Humble And Kind,Tim McGraw,man
2016,70,Luv,Tory Lanez,man
2016,74,Say It,Tory Lanez,man
2016,75,Antidote,Travis Scott,man
2016,5,Stressed Out,twenty one pilots,man
2016,20,Ride,twenty one pilots,man
2016,21,Heathens,twenty one pilots,man
2016,90,No Limit,Usher Featuring Young Thug,man
2016,99,See You Again,Wiz Khalifa Featuring Charlie Puth,man
2016,67,Unsteady,X Ambassadors,man
2016,22,Pillowtalk,Zayn,man
2016,17,This Is What You Came For,Calvin Harris Featuring Rihanna,mixed
2016,50,We Don't Talk Anymore,Charlie Puth Featuring Selena Gomez,mixed
2016,18,Cake By The Ocean,DNCE,mixed
2016,29,Too Good,Drake Featuring Rihanna,mixed
2016,3,One Dance,Drake Featuring WizKid & Kyla,mixed
2016,93,All In My Head (Flex),Fifth Harmony Featuring Fetty Wap,mixed
2016,16,Work From Home,Fifth Harmony Featuring Ty Dolla $ign,mixed
2016,60,Never Be Like You,Flume Featuring Kai,mixed
2016,19,"Me, Myself & I",G-Eazy x Bebe Rexha,mixed
2016,38,I Hate U I Love U,gnash Featuring Olivia O'Brien,mixed
2016,94,Starving,Hailee Steinfeld & Grey Featuring Zedd,mixed
2016,85,Lean On,Major Lazer & DJ Snake Featuring MO,mixed
2016,25,Cold Water,Major Lazer Featuring Justin Bieber & MO,mixed
2016,42,Like I'm Gonna Lose You,Meghan Trainor Featuring John Legend,mixed
2016,66,Close,Nick Jonas Featuring Tove Lo,mixed
2016,4,Work,Rihanna Featuring Drake,mixed
2016,86,I Know What You Did Last Summer,Shawn Mendes & Camila Cabello,mixed
2016,8,Don't Let Me Down,The Chainsmokers Featuring Daya,mixed
2016,10,Closer,The Chainsmokers Featuring Halsey,mixed
2016,27,Roses,The Chainsmokers Featuring Rozes,mixed
2016,69,Down In The DM,Yo Gotti Featuring Nicki Minaj,mixed
2016,46,Never Forget You,Zara Larsson & MNEK,mixed
2016,7,Hello,Adele,woman
2016,26,Send My Love (To Your New Lover),Adele,woman
2016,83,When We Were Young,Adele,woman
2016,39,Here,Alessia Cara,woman
2016,36,Dangerous Woman,Ariana Grande,woman
2016,51,Into You,Ariana Grande,woman
2016,77,Side To Side,Ariana Grande Featuring Nicki Minaj,woman
2016,71,Sorry,Beyonce,woman
2016,78,"Sit Still, Look Pretty",Daya,woman
2016,84,Hide Away,Daya,woman
2016,63,Ex's & Oh's,Elle King,woman
2016,81,On My Mind,Ellie Goulding,woman
2016,52,Gold,Kiiara,woman
2016,45,No,Meghan Trainor,woman
2016,62,Me Too,Meghan Trainor,woman
2016,33,Just Like Fire,P!nk,woman
2016,13,Needed Me,Rihanna,woman
2016,76,Lost Boy,Ruth B,woman
2016,40,Same Old Love,Selena Gomez,woman
2016,56,Hands To Myself,Selena Gomez,woman
2016,79,Wildest Dreams,Taylor Swift,woman
2017,48,Bank Account,21 Savage,man
2017,81,Drowning,A Boogie Wit da Hoodie Featuring Kodak Black,man
2017,60,Caroline,Amine,man
2017,61,Rolex,Ayo & Teo,man
2017,35,Bounce Back,Big Sean,man
2017,98,Do Re Mi,blackbear,man
2017,57,In Case You Didn't Know,Brett Young,man
2017,3,That's What I Like,Bruno Mars,man
2017,16,24K Magic,Bruno Mars,man
2017,71,Slide,Calvin Harris Featuring Frank Ocean & Migos,man
2017,22,Attention,Charlie Puth,man
2017,25,Redbone,Childish Gambino,man
2017,70,Broccoli,D.R.A.M. Featuring Lil Yachty,man
2017,12,I'm The One,"DJ Khaled Featuring Justin Bieber, Quavo, Chance The Rapper & Lil Wayne",man
2017,46,Let Me Love You,DJ Snake Featuring Justin Bieber,man
2017,37,Fake Love,Drake,man
2017,65,Passionfruit,Drake,man
2017,94,Small Town Boy,Dustin Lynch,man
2017,1,Shape Of You,Ed Sheeran,man
2017,40,Castle On The Hill,Ed Sheeran,man
2017,15,Unforgettable,French Montana Featuring Swae Lee,man
2017,14,Mask Off,Future,man
2017,83,Both,Gucci Mane Featuring Drake,man
2017,93,I Get The Bag,Gucci Mane Featuring Migos,man
2017,87,Sign Of The Times,Harry Styles,man
2017,9,Believer,Imagine Dragons,man
2017,51,Thunder,Imagine Dragons,man
2017,11,Say You Won't Let Go,James Arthur,man
2017,75,All Time Low,Jon Bellion,man
2017,49,Can't Stop The Feeling!,Justin Timberlake,man
2017,4,Humble.,Kendrick Lamar,man
2017,62,DNA.,Kendrick Lamar,man
2017,21,Location,Khalid,man
2017,78,Young Dumb & Broke,Khalid,man
2017,55,Tunnel Vision,Kodak Black,man
2017,28,iSpy,KYLE Featuring Lil Yachty,man
2017,36,Strip That Down,Liam Payne Featuring Quavo,man
2017,13,XO TOUR Llif3,Lil Uzi Vert,man
2017,2,Despacito,Luis Fonsi & Daddy Yankee Featuring Justin Bieber,man
2017,76,Hurricane,Luke Combs,man
2017,69,Cold,Maroon 5 Featuring Future,man
2017,38,Don't Wanna Know,Maroon 5 Featuring Kendrick Lamar,man
2017,52,T-Shirt,Migos,man
2017,86,Slippery,Migos Featuring Gucci Mane,man
2017,6,Bad And Boujee,Migos Featuring Lil Uzi Vert,man
2017,32,Slow Hands,Niall Horan,man
2017,79,Magnolia,Playboi Carti,man
2017,45,Feel It Still,Portugal. The Man,man
2017,56,Rockstar,Post Malone Featuring 21 Savage,man
2017,10,Congratulations,Post Malone Featuring Quavo,man
2017,64,Swang,Rae Sremmurd,man
2017,19,Black Beatles,Rae Sremmurd Featuring Gucci Mane,man
2017,8,Body Like A Back Road,Sam Hunt,man
2017,23,There's Nothing Holdin' Me Back,Shawn Mendes,man
2017,54,Mercy,Shawn Mendes,man
2017,92,Treat You Better,Shawn Mendes,man
2017,42,Paris,The Chainsmokers,man
2017,5,Something Just Like This,The Chainsmokers & Coldplay,man
2017,20,Starboy,The Weeknd Featuring Daft Punk,man
2017,34,I Feel It Coming,The Weeknd Featuring Daft Punk,man
2017,68,Goosebumps,Travis Scott,man
2017,58,Heathens,twenty one pilots,man
2017,99,Look At Me!,XXXTENTACION,man
2017,95,Everyday We Lit,YFN Lucci Featuring PnB Rock,man
2017,63,Juju On That Beat (TZ Anthem),Zay Hilfigerrr & Zayion McCall,man
2017,74,Feels,"Calvin Harris Featuring Pharrell Williams, Katy Perry & Big Sean",mixed
2017,96,Havana,Camila Cabello Featuring Young Thug,mixed
2017,91,No Promises,Cheat Codes Featuring Demi Lovato,mixed
2017,44,Rockabye,Clean Bandit Featuring Sean Paul & Anne-Marie,mixed
2017,18,Wild Thoughts,DJ Khaled Featuring Rihanna & Bryson Tiller,mixed
2017,82,Starving,Hailee Steinfeld & Grey Featuring Zedd,mixed
2017,50,Mi Gente,J Balvin & Willy William Featuring Beyonce,mixed
2017,85,Swalla,Jason Derulo Featuring Nicki Minaj & Ty Dolla $ign,mixed
2017,72,What Ifs,Kane Brown Featuring Lauren Alaina,mixed
2017,73,Chained To The Rhythm,Katy Perry Featuring Skip Marley,mixed
2017,100,The Fighter,Keith Urban Featuring Carrie Underwood,mixed
2017,66,Loyalty.,Kendrick Lamar Featuring Rihanna,mixed
2017,27,It Ain't Me,Kygo x Selena Gomez,mixed
2017,31,1-800-273-8255,Logic Featuring Alessia Cara & Khalid,mixed
2017,41,Bad Things,Machine Gun Kelly x Camila Cabello,mixed
2017,90,Down,Marian Hill,mixed
2017,97,What Lovers Do,Maroon 5 Featuring SZA,mixed
2017,80,Love Galore,SZA Featuring Travis Scott,mixed
2017,7,Closer,The Chainsmokers Featuring Halsey,mixed
2017,53,Rake It Up,Yo Gotti Featuring Nicki Minaj,mixed
2017,26,I Don't Wanna Live Forever (Fifty Shades Darker),Zayn / Taylor Swift,mixed
2017,17,Stay,Zedd & Alessia Cara,mixed
2017,89,Malibu,Miley Cyrus,nb
2017,77,Too Good At Goodbyes,Sam Smith,nb
2017,88,Water Under The Bridge,Adele,woman
2017,30,Scars To Your Beautiful,Alessia Cara,woman
2017,43,Side To Side,Ariana Grande Featuring Nicki Minaj,woman
2017,24,Bodak Yellow (Money Moves),Cardi B,woman
2017,47,Sorry Not Sorry,Demi Lovato,woman
2017,59,Now Or Never,Halsey,woman
2017,29,Issues,Julia Michaels,woman
2017,67,Praying,Kesha,woman
2017,84,What About Us,P!nk,woman
2017,33,Love On The Brain,Rihanna,woman
2017,39,Look What You Made Me Do,Taylor Swift,woman
2018,36,Youngblood,5 Seconds Of Summer,man
2018,56,Gummo,6ix9ine,man
2018,21,Mine,Bazzi,man
2018,23,Look Alive,BlocBoy JB Featuring Drake,man
2018,95,Mercy,Brett Young,man
2018,81,Te Bote,"Casper Magico, Nio Garcia, Darell, Nicky Jam, Ozuna & Bad Bunny",man
2018,65,How Long,Charlie Puth,man
2018,51,This Is America,Childish Gambino,man
2018,93,Dura,Daddy Yankee,man
2018,32,Tequila,Dan + Shay,man
2018,73,No Brainer,"DJ Khaled Featuring Justin Bieber, Chance The Rapper & Quavo",man
2018,1,God's Plan,Drake,man
2018,9,In My Feelings,Drake,man
2018,11,Nice For What,Drake,man
2018,52,Nonstop,Drake,man
2018,86,I'm Upset,Drake,man
2018,2,Perfect,Ed Sheeran,man
2018,71,Shape Of You,Ed Sheeran,man
2018,82,Simple,Florida Georgia Line,man
2018,72,I Get The Bag,Gucci Mane Featuring Migos,man
2018,22,Thunder,Imagine Dragons,man
2018,37,Whatever It Takes,Imagine Dragons,man
2018,69,Natural,Imagine Dragons,man
2018,100,Believer,Imagine Dragons,man
2018,70,You Make It Easy,Jason Aldean,man
2018,79,King's Dead,"Jay Rock, Kendrick Lamar, Future & James Blake",man
2018,12,Lucid Dreams,Juice WRLD,man
2018,85,Say Something,Justin Timberlake Featuring Chris Stapleton,man
2018,53,Heaven,Kane Brown,man
2018,50,Love.,Kendrick Lamar Featuring Zacari,man
2018,87,Get Along,Kenny Chesney,man
2018,67,Young Dumb & Broke,Khalid,man
2018,35,I Like Me Better,Lauv,man
2018,25,Yes Indeed,Lil Baby & Drake,man
2018,55,Freaky Friday,Lil Dicky Featuring Chris Brown,man
2018,44,Gucci Gang,Lil Pump,man
2018,96,One Number Away,Luke Combs,man
2018,58,Wait,Maroon 5,man
2018,80,Happier,Marshmello & Bastille,man
2018,66,Lights Down Low,MAX Featuring gnash,man
2018,48,Stir Fry,Migos,man
2018,43,Walk It Talk It,Migos Featuring Drake,man
2018,75,Sky Walker,Miguel Featuring Travis Scott,man
2018,29,Let You Down,NF,man
2018,90,X,Nicky Jam x J Balvin,man
2018,38,Ric Flair Drip,Offset & Metro Boomin,man
2018,33,Feel It Still,Portugal. The Man,man
2018,13,Better Now,Post Malone,man
2018,39,I Fall Apart,Post Malone,man
2018,5,Rockstar,Post Malone Featuring 21 Savage,man
2018,6,Psycho,Post Malone Featuring Ty Dolla $ign,man
2018,97,Powerglide,Rae Sremmurd & Juicy J,man
2018,57,Plug Walk,Rich The Kid,man
2018,46,In My Blood,Shawn Mendes,man
2018,78,Call Out My Name,The Weeknd,man
2018,40,Pray For Me,The Weeknd & Kendrick Lamar,man
2018,76,Marry Me,Thomas Rhett,man
2018,42,Sicko Mode,Travis Scott,man
2018,28,Taste,Tyga Featuring Offset,man
2018,17,Sad!,XXXTENTACION,man
2018,88,Moonlight,XXXTENTACION,man
2018,94,Changes,XXXTENTACION,man
2018,91,Outside Today,YoungBoy Never Broke Again,man
2018,31,FEFE,6ix9ine Featuring Nicki Minaj & Murda Beatz,mixed
2018,74,Plain Jane,A$AP Ferg Featuring Nicki Minaj,mixed
2018,3,Meant To Be,Bebe Rexha & Florida Georgia Line,mixed
2018,77,Eastside,"benny blanco, Halsey & Khalid",mixed
2018,14,Finesse,Bruno Mars & Cardi B,mixed
2018,68,One Kiss,Calvin Harris & Dua Lipa,mixed
2018,4,Havana,Camila Cabello Featuring Young Thug,mixed
2018,61,Bartier Cardi,Cardi B Featuring 21 Savage,mixed
2018,7,I Like It,"Cardi B, Bad Bunny & J Balvin",mixed
2018,45,Him & I,G-Eazy & Halsey,mixed
2018,30,No Limit,G-Eazy Featuring A$AP Rocky & Cardi B,mixed
2018,99,Mi Gente,J Balvin & Willy William Featuring Beyonce,mixed
2018,47,All The Stars,Kendrick Lamar & SZA,mixed
2018,19,Love Lies,Khalid & Normani,mixed
2018,84,1-800-273-8255,Logic Featuring Alessia Cara & Khalid,mixed
2018,10,Girls Like You,Maroon 5 Featuring Cardi B,mixed
2018,89,What Lovers Do,Maroon 5 Featuring SZA,mixed
2018,26,Friends,Marshmello & Anne-Marie,mixed
2018,34,MotorSport,"Migos, Nicki Minaj & Cardi B",mixed
2018,83,Lemon,N*E*R*D & Rihanna,mixed
2018,60,Wolves,Selena Gomez X Marshmello,mixed
2018,63,Big Bank,"YG Featuring 2 Chainz, Big Sean & Nicki Minaj",mixed
2018,8,The Middle,"Zedd, Maren Morris & Grey",mixed
2018,49,Too Good At Goodbyes,Sam Smith,nb
2018,20,No Tears Left To Cry,Ariana Grande,woman
2018,62,God Is A Woman,Ariana Grande,woman
2018,18,Never Be The Same,Camila Cabello,woman
2018,54,Bodak Yellow (Money Moves),Cardi B,woman
2018,59,Be Careful,Cardi B,woman
2018,64,Sorry Not Sorry,Demi Lovato,woman
2018,16,New Rules,Dua Lipa,woman
2018,98,IDGAF,Dua Lipa,woman
2018,15,Boo'd Up,Ella Mai,woman
2018,92,Trip,Ella Mai,woman
2018,27,Bad At Love,Halsey,woman
2018,41,Back To You,Selena Gomez,woman
2018,24,Delicate,Taylor Swift,woman
2019,42,A Lot,21 Savage,man
2019,33,Youngblood,5 Seconds Of Summer,man
2019,41,Look Back At It,A Boogie Wit da Hoodie,man
2019,82,Swervin,A Boogie Wit da Hoodie Featuring 6ix9ine,man
2019,44,MIA,Bad Bunny Featuring Drake,man
2019,53,God's Country,Blake Shelton,man
2019,56,The Git Up,Blanco Brown,man
2019,47,Thotiana,Blueface,man
2019,59,Envy Me,Calboy,man
2019,96,Eyes On You,Chase Rice,man
2019,21,No Guidance,Chris Brown Featuring Drake,man
2019,24,Suge,DaBaby,man
2019,35,Speechless,Dan + Shay,man
2019,91,Tequila,Dan + Shay,man
2019,97,All To Myself,Dan + Shay,man
2019,54,Be Alright,Dean Lewis,man
2019,34,Money In The Grave,Drake Featuring Rick Ross,man
2019,16,I Don't Care,Ed Sheeran & Justin Bieber,man
2019,50,Beautiful People,Ed Sheeran Featuring Khalid,man
2019,71,Leave Me Alone,Flipp Dinero,man
2019,94,Talk You Out Of It,Florida Georgia Line,man
2019,51,Wake Up In The Sky,Gucci Mane X Bruno Mars X Kodak Black,man
2019,25,Middle Child,J. Cole,man
2019,10,Sucker,Jonas Brothers,man
2019,78,Only Human,Jonas Brothers,man
2019,48,Lucid Dreams,Juice WRLD,man
2019,100,Robbery,Juice WRLD,man
2019,86,Good As You,Kane Brown,man
2019,8,Talk,Khalid,man
2019,20,Better,Khalid,man
2019,31,ZEZE,Kodak Black Featuring Travis Scott & Offset,man
2019,81,Rumor,Lee Brice,man
2019,27,Someone You Loved,Lewis Capaldi,man
2019,74,Close Friends,Lil Baby,man
2019,84,Baby,Lil Baby & DaBaby,man
2019,26,Drip Too Hard,Lil Baby & Gunna,man
2019,40,Panini,Lil Nas X,man
2019,1,Old Town Road,Lil Nas X Featuring Billy Ray Cyrus,man
2019,28,Ran$om,Lil Tecca,man
2019,79,Knockin' Boots,Luke Bryan,man
2019,46,Beautiful Crazy,Luke Combs,man
2019,63,Beer Never Broke My Heart,Luke Combs,man
2019,6,Happier,Marshmello & Bastille,man
2019,89,One Thing Right,Marshmello & Kane Brown,man
2019,18,Going Bad,Meek Mill Featuring Drake,man
2019,52,Whiskey Glasses,Morgan Wallen,man
2019,55,Pure Water,Mustard & Migos,man
2019,92,Shotta Flow,NLE Choppa,man
2019,11,High Hopes,Panic! At The Disco,man
2019,61,"Hey Look Ma, I Made It",Panic! At The Disco,man
2019,45,Pop Out,Polo G Featuring Lil Tjay,man
2019,5,Wow.,Post Malone,man
2019,32,Better Now,Post Malone,man
2019,62,Circles,Post Malone,man
2019,2,Sunflower (Spider-Man: Into The Spider-Verse),Post Malone & Swae Lee,man
2019,30,Goodbyes,Post Malone Featuring Young Thug,man
2019,29,If I Can't Have You,Shawn Mendes,man
2019,49,Mo Bamba,Sheck Wes,man
2019,85,Look What God Gave Her,Thomas Rhett,man
2019,9,Sicko Mode,Travis Scott,man
2019,77,Worth It,YK Osiris,man
2019,66,Murder On My Mind,YNW Melly,man
2019,64,The London,"Young Thug, J. Cole & Travis Scott",man
2019,98,Boyfriend,Ariana Grande & Social House,mixed
2019,95,Beautiful,Bazzi Featuring Camila Cabello,mixed
2019,17,Eastside,"benny blanco, Halsey & Khalid",mixed
2019,37,Please Me,Cardi B & Bruno Mars,mixed
2019,69,I Like It,"Cardi B, Bad Bunny & J Balvin",mixed
2019,65,Con Calma,Daddy Yankee & Katy Perry Featuring Snow,mixed
2019,57,Taki Taki,"DJ Snake Featuring Selena Gomez, Ozuna & Cardi B",mixed
2019,58,Close To Me,Ellie Goulding X Diplo Featuring Swae Lee,mixed
2019,88,Love Lies,Khalid & Normani,mixed
2019,19,Shallow,Lady Gaga & Bradley Cooper,mixed
2019,22,Girls Like You,Maroon 5 Featuring Cardi B,mixed
2019,90,Cash Shit,Megan Thee Stallion Featuring DaBaby,mixed
2019,93,Hot Girl Summer,"Megan Thee Stallion, Nicki Minaj & Ty Dolla $ign",mixed
2019,87,Clout,Offset Featuring Cardi B,mixed
2019,75,Baby Shark,Pinkfong,mixed
2019,14,Dancing With A Stranger,Sam Smith & Normani,mixed
2019,70,Trampoline,SHAED,mixed
2019,15,Senorita,Shawn Mendes & Camila Cabello,mixed
2019,43,ME!,Taylor Swift Featuring Brendon Urie,mixed
2019,83,How Do You Sleep?,Sam Smith,nb
2019,7,7 Rings,Ariana Grande,woman
2019,12,"Thank U, Next",Ariana Grande,woman
2019,36,"Break Up With Your Girlfriend, I'm Bored",Ariana Grande,woman
2019,72,Breathin,Ariana Grande,woman
2019,23,Sweet But Psycho,Ava Max,woman
2019,4,Bad Guy,Billie Eilish,woman
2019,67,When The Party's Over,Billie Eilish,woman
2019,73,Bury A Friend,Billie Eilish,woman
2019,38,Money,Cardi B,woman
2019,68,Act Up,City Girls,woman
2019,80,Trip,Ella Mai,woman
2019,3,Without Me,Halsey,woman
2019,60,You Say,Lauren Daigle,woman
2019,13,Truth Hurts,Lizzo,woman
2019,99,Walk Me Home,P!nk,woman
2019,76,My Type,Saweetie,woman
2019,39,You Need To Calm Down,Taylor Swift,woman